cnp_codigo,cnp_glosa,iccs_elegido,iccs_glosa_elegida,confianza
101,Quebrantamiento,8062,Incumplimiento de órdenes judiciales,alta
201,Libertad de culto,80321,Violaciones de las normas sobre creencias u opiniones religiosas,alta
202,Secuestro,20221,Secuestro,alta
203,Sustracción de menores,2021,Secuestro de menores,alta
204,Violación de morada,509,Otros actos contra la propiedad solamente,alta
205,"Apertura, registro o interceptación de correspondencia",2111,Invasión de la intimidad,alta
206,"Exacciones ilegales (Art. 147, 157 y 241 Código Penal)",804,Actos contrarios a las disposiciones relativas a los ingresos públicos u otras disposiciones regulatorias,alta
207,"Detención, destierro o arresto irregular",20222,Retención ilegal,alta
208,Violación de prerrogativas,8062,Incumplimiento de órdenes judiciales,alta
209,Condenas irregulares,806,Actos contra el sistema de justicia,alta
210,Allanamientos irregulares,7033,Abuso de funciones,alta
211,Delito contra libertad de opinión,8031,Actos contra la libertad de expresión,alta
212,Delito contra libertad de trabajo,808,Actos contrarios al derecho laboral,alta
213,Delitos contra libertad de reunión,202,Actos contra la libertad,alta
214,Delitos contra la libertad ambulatoria y el derecho de asociación,202,Actos contra la libertad,alta
215,Delito contra el derecho de petición,809,"Otros actos contra el orden público, la autoridad y las disposiciones del Estado",alta
216,"Usurpación de propiedad, descubrimiento o producción",503,Delitos contra la propiedad intelectual,alta
217,Violación de secreto de invento,503,Delitos contra la propiedad intelectual,alta
218,Empleado público que expropie bienes o perturbe posesión de otro,7032,Malversación o peculado,alta
219,Prolongación de incomunicación,8062,Incumplimiento de órdenes judiciales,alta
220,Tormentos a detenidos,20222,Retención ilegal,alta
221,Delitos contra vida y la privacidad de las conversaciones,2111,Invasión de la intimidad,alta
222,"Secuestro con homicidio, violación o lesiones",20221,Secuestro,alta
223,Exacciones ilegales cometidas por particulares,804,Actos contrarios a las disposiciones relativas a los ingresos públicos u otras disposiciones regulatorias,alta
224,Torturas por particulares agentes del Estado,11011,Tortura,alta
225,Torturas cometidas por funcionarios públicos,11011,Tortura,alta
226,Promoción odio o violencia con grupos por motivos discriminatorios,80322,Violaciones de las normas sobre intolerancia e incitación al odio,alta
227,Tortura para anular voluntad,11011,Tortura,alta
228,Tortura con homicidio,11011,Tortura,alta
229,"Tortura con violación, abuso sexual agravado u otros",11011,Tortura,alta
230,Tortura con cuasidelito,11011,Tortura,alta
231,Apremios ilegítimos cometidos por empleados públicos,808,Actos contrarios al derecho laboral,alta
232,Apremios ilegítimos con homicidio,101,Homicidio intencional,alta
233,"Apremios ilegítimos con violación, abuso sexual agravado y otros",3011,Violación,alta
234,Apremios ilegítimos con cuasidelito,2119,Otras transgresiones contra las personas,alta
235,Secuestro con homicidio,20221,Secuestro,alta
236,Secuestro con violación,20221,Secuestro,alta
237,Secuestro con lesiones,20221,Secuestro,alta
248,Secuestro con solicitud de rescate o exigencia o se prolongue por más de 24 hrs.,20221,Secuestro,alta
249,Secuestro por más de 15 días o con grave daño en la persona o sus intereses,20221,Secuestro,alta
299,Otros delitos que afectan los derechos garantidos por la Constitución,NINGUNO,,alta
301,Falsificación de moneda y otros,70211,Falsificación de medios de pago en efectivo,alta
302,Falsificación o uso malicioso de documentos públicos,7023,Actos de falsificación de documentos,alta
303,Falsificación o uso malicioso de documentos privados,7023,Actos de falsificación de documentos,alta
304,Falsificación o uso de pasaportes o permisos para porte de armas,7023,Actos de falsificación de documentos,alta
305,Falsificación de portes de armas,702,Falsificación,alta
306,"Falso testimonio, perjurio o denuncia calumniosa",8061,Obstrucción de la justicia,alta
307,"Presentación de peritos, testigos o intérpretes que faltaren a la verdad o documentos falsos",8061,Obstrucción de la justicia,alta
308,Ejercicio ilegal de la profesión,7019,Otros actos de fraude,alta
309,Usurpación de nombre,7023,Actos de falsificación de documentos,alta
310,Fingimiento de cargos o profesiones,7033,Abuso de funciones,alta
311,Falsificación de licencias médicas o pensiones,7023,Actos de falsificación de documentos,alta
312,"Falsificación de certificados por funcionarios públicos, privados y uso malicioso",7023,Actos de falsificación de documentos,alta
399,"Otros delitos contra la fe pública, de las falsificaciones, del falso testimonio y del perjurio",8061,Obstrucción de la justicia,alta
401,Anticipación y prolongación indebida de funciones pública,7033,Abuso de funciones,alta
402,Nombramientos ilegales,7033,Abuso de funciones,alta
403,Usurpación de atribuciones de empleados públicos y judiciales,7033,Abuso de funciones,alta
404,Prevaricación judicial y administrativa,806,Actos contra el sistema de justicia,alta
405,Prevaricación del abogado y procurador,7033,Abuso de funciones,alta
406,Malversación de caudales públicos,7032,Malversación o peculado,alta
407,Fraudes al Fisco y organismos del Estado (Art. 239),7032,Malversación o peculado,alta
408,Infidelidad en la custodia de documentos,809,"Otros actos contra el orden público, la autoridad y las disposiciones del Estado",alta
409,Violación de secretos,904,Actos contra la seguridad del Estado,alta
410,Cohecho cometido por empleado público,7033,Abuso de funciones,alta
411,Cohecho o soborno cometido por particular,7031,Soborno,alta
412,Denegación de auxilio,7033,Abuso de funciones,alta
413,Abandono de destino,8082,Violaciones del derecho laboral individual,alta
414,"Abusos contra particulares Arts. 255, 256, 257, 258 y 259",7033,Abuso de funciones,alta
415,Negociación incompatible,7032,Malversación o peculado,alta
416,Tráfico de influencias,7034,Tráfico de influencias,alta
417,Exacciones ilegales cometidas por funcionario público,7033,Abuso de funciones,alta
418,Enriquecimiento ilícito,7035,Enriquecimiento ilícito,alta
419,Fraudes al Fisco y organismos del Estado,70111,Fraude financiero contra el Estado,alta
420,Abusos contra particulares,2061,Negligencia en situaciones de personas bajo cuidado,alta
421,Otros abusos contra particulares,7033,Abuso de funciones,alta
422,Soborno de funcionario público extranjero. Persona natural,7031,Soborno,alta
423,"Soborno, artículo 250. Persona jurídica",7031,Soborno,alta
424,Soborno de funcionario público extranjero. Persona jurídica,7031,Soborno,alta
425,Negociación incompatible por persona jurídica,7033,Abuso de funciones,alta
426,Negociación incompatible de particulares,7039,Otros actos de corrupción,alta
429,Uso de información privilegiada,8045,Manipulación del mercado o utilización indebida de información privilegiada,alta
499,Otros delitos cometidos por empleados públicos en el desempeño de sus cargos,7033,Abuso de funciones,alta
501,Desórdenes públicos,8012,Actos relacionados con las normas y preceptos sociales y religiosos orientados al mantenimiento del orden público,alta
502,Obstrucción a la investigación,8061,Obstrucción de la justicia,alta
503,Rotura de sellos,809,"Otros actos contra el orden público, la autoridad y las disposiciones del Estado",alta
504,Crímenes y simples delitos de los proveedores,7032,Malversación o peculado,alta
505,"Lotería ilegal, casas de juego y préstamo sobre prenda",8043,Actos contrarios a las disposiciones sobre apuestas,alta
506,"Violación, revelación y/o aprovechamiento de secretos comerciales",8042,Actos contrarios a disposiciones comerciales o financieras,alta
507,Alteración fraudulenta de precios,702,Falsificación,alta
508,"Propagación de enfermedades que afecten a la salud animal o vegetal; elementos químicos, bacteriológicos, radioactivos",902,Actos contra la salud y la seguridad,alta
509,Abandono o maltrato animal,10091,Actos contra los animales,alta
510,Asociaciones ilícitas,9051,Participación en un grupo delictivo organizado,alta
511,Amenazas de atentados contra personas y propiedades,2012,Amenaza,alta
512,Connivencia en la fuga y evasión culpable de detenidos,8062,Incumplimiento de órdenes judiciales,alta
513,Contra la salud pública. Arts. 313 al 318,902,Actos contra la salud y la seguridad,alta
514,Infracción normas inhumaciones y exhumaciones,2119,Otras transgresiones contra las personas,alta
515,Atentados y amenazas contra la autoridad,8069,Otros actos contra el sistema de justicia,alta
516,Oponerse a la acción de la autoridad pública o sus agentes,8062,Incumplimiento de órdenes judiciales,alta
518,Porte de arma cortante o punzante,9011,Posesión o uso de armas y explosivos,alta
519,"Falsa alarma de incendio, emergencia o calamidad pública",8019,Otros actos contrarios a las normas de conducta orientadas al mantenimiento del orden público,alta
520,"Obstrucción a la investigación por fiscal o asistente del fiscal, del Ministerio Público",8061,Obstrucción de la justicia,alta
521,Homicidio de fiscales o defensores en el desempeño de sus funciones,101,Homicidio intencional,alta
522,"Maltrato de obra a fiscales o defensores en el desempeño de sus funciones, incluye castración y mutilación",8069,Otros actos contra el sistema de justicia,alta
523,Amenaza a fiscales o defensores en el desempeño de sus funciones,8061,Obstrucción de la justicia,alta
524,Amenazas simples contra personas y propiedades,2012,Amenaza,alta
525,Amenazas condicionales contra personas y propiedades,2051,Extorsión o chantaje,alta
526,Contra la salud pública. Arts. 313 A y 313 B,902,Actos contra la salud y la seguridad,alta
527,Contra la salud pública. Arts. 313 D al 315 y Art. 317,2071,Actos que ponen en peligro la salud,alta
528,Corrupción entre particulares,703,Corrupción,alta
529,Corrupción entre particulares cometido por personas jurídicas,703,Corrupción,alta
530,Amenazas contra profesionales y funcionarios de salud y manipuladores de alimentos,2012,Amenaza,alta
531,Lesiones contra profesional y funcionario de salud y manipuladores de alimentos,9021,Actos contra la salud y la seguridad en el trabajo,alta
532,Interrumpir libre circulación Ley 21.208 Inc. 1,202,Actos contra la libertad,alta
533,Lanzar objetos a la vía pública con muerte o lesiones Ley 21.208 Inc. 2,2079,Otros actos peligrosos,alta
534,Diseminar gérmenes para causar enfermedad,902,Actos contra la salud y la seguridad,alta
535,Infringir normas higiénicas y de salubridad,2071,Actos que ponen en peligro la salud,alta
536,Propagar contagio a sabiendas,902,Actos contra la salud y la seguridad,alta
537,Empleador que ordena infringir cuarentena,902,Actos contra la salud y la seguridad,alta
538,Ultraje de cadáver,2119,Otras transgresiones contra las personas,alta
539,Ultraje de sepultura,2119,Otras transgresiones contra las personas,alta
540,Uso indebido de facultades asociadas a las técnicas especiales de investigación,7033,Abuso de funciones,alta
541,"Infracción al secreto y prohibición de información relativa a testigos, agentes encubiertos, reveladores e informantes",8061,Obstrucción de la justicia,alta
542,Asociación delictiva o criminal mediante una persona jurídica,9051,Participación en un grupo delictivo organizado,alta
543,Incumplimiento de reserva registro de llamadas,8062,Incumplimiento de órdenes judiciales,alta
544,Atentados contra el medio ambiente,10019,Otros actos que causan contaminación o degradación del medio ambiente,alta
545,Portar aparatos de comunicación en recintos penitenciarios,806,Actos contra el sistema de justicia,alta
546,Omisión denuncia por funcionario público de tenencia elementos tecnológicos,8061,Obstrucción de la justicia,alta
547,Portar injustificadamente combustible en lugares de uso público,8019,Otros actos contrarios a las normas de conducta orientadas al mantenimiento del orden público,alta
548,Registro de las actuaciones policiales,806,Actos contra el sistema de justicia,alta
549,Contaminación grave imprudente,1001,Actos que causan contaminación o degradación del medio ambiente,alta
550,"Comercializar, distribuir o instalar máquinas de juegos ilegales Art. 276 bis Código Penal",8043,Actos contrarios a las disposiciones sobre apuestas,alta
551,Delitos medioambientales dolosos,1001,Actos que causan contaminación o degradación del medio ambiente,alta
552,Asociación ilícita para la comisión de simples delitos,9051,Participación en un grupo delictivo organizado,alta
553,Asociación ilícita para la comisión de simples crímenes,9051,Participación en un grupo delictivo organizado,alta
554,Amenaza u ofrecimiento de beneficio económico para prestar falso testimonio u omitir declarar en proceso por asociación ilícita,8061,Obstrucción de la justicia,alta
597,Declaración falsa denunciante anónimo,7019,Otros actos de fraude,alta
599,Otros delitos contra el orden y la seguridad pública cometidos por particulares,8012,Actos relacionados con las normas y preceptos sociales y religiosos orientados al mantenimiento del orden público,alta
601,Aborto,106,Feticidio ilegal,alta
602,Abandono de niños,20611,Negligencia en situaciones de menores bajo cuidado,alta
603,Abandono de cónyuge o de parientes enfermos,20612,Negligencia en situaciones de otras personas dependientes bajo cuidado,alta
604,Usurpación de estado civil,809,"Otros actos contra el orden público, la autoridad y las disposiciones del Estado",alta
605,Inducir a un menor a abandonar el hogar,11021,Delitos en razón de la condición de menor de edad,alta
606,Rapto,8021,Delitos de prostitución,alta
607,Violación,8029,Otros actos contrarios a las normas de conducta sexual orientadas al mantenimiento del orden público,alta
608,Estupro,30113,Violación por presunción legal,alta
609,Incesto,8029,Otros actos contrarios a las normas de conducta sexual orientadas al mantenimiento del orden público,alta
610,Promover o facilitar prostitución de menores,30222,Prostitución infantil,alta
611,Sodomía,8029,Otros actos contrarios a las normas de conducta sexual orientadas al mantenimiento del orden público,alta
612,Violación sodomítica,8029,Otros actos contrarios a las normas de conducta sexual orientadas al mantenimiento del orden público,alta
613,Abusos deshonestos,8029,Otros actos contrarios a las normas de conducta sexual orientadas al mantenimiento del orden público,alta
614,Trata de blancas,8029,Otros actos contrarios a las normas de conducta sexual orientadas al mantenimiento del orden público,alta
615,Ultraje público a las buenas costumbres,8029,Otros actos contrarios a las normas de conducta sexual orientadas al mantenimiento del orden público,alta
616,Difusión de material pornográfico (pornografía).,8022,Delitos de pornografía,alta
617,Bigamia,8029,Otros actos contrarios a las normas de conducta sexual orientadas al mantenimiento del orden público,alta
618,Delitos de significación sexual,8029,Otros actos contrarios a las normas de conducta sexual orientadas al mantenimiento del orden público,alta
619,Abuso sexual sin contacto corporal de mayor de 14 años y menor de 18 años,30122,Agresión sexual no física,alta
620,Abuso sexual sin contacto corporal de menor 14 años,30122,Agresión sexual no física,alta
621,Violación de menor de 14 años,30113,Violación por presunción legal,alta
622,Abuso sexual adulto,8029,Otros actos contrarios a las normas de conducta sexual orientadas al mantenimiento del orden público,alta
623,Abuso sexual con contacto corporal de menor de 14 años,30113,Violación por presunción legal,alta
624,Aborto consentido por causales no reguladas,106,Feticidio ilegal,alta
625,Aborto sin consentimiento,106,Feticidio ilegal,alta
626,Trata de personas,8029,Otros actos contrarios a las normas de conducta sexual orientadas al mantenimiento del orden público,alta
627,Trata de personas calificada,8029,Otros actos contrarios a las normas de conducta sexual orientadas al mantenimiento del orden público,alta
628,Violación con homicidio o femicidio,30119,Otras formas de violación,alta
629,Producción material pornográfico utilizando menores de 18 años,30221,Pornografía infantil,alta
630,Comercialización material pornográfico elaborado usando menores de 18 años,30221,Pornografía infantil,alta
631,Adquisición o almacenamiento material pornográfico infantil,30221,Pornografía infantil,alta
632,Obtención de servicios sexuales de menores,30222,Prostitución infantil,alta
633,Abuso sexual calificado (con introducción de objetos o uso de animales),302,Explotación sexual,alta
634,Abuso sexual de mayor de 14 años y menor de 18 años con circunstancia de estupro,30229,Otras formas de explotación sexual de menores,alta
635,Abuso sexual de mayor de 14 (con circunstancias de violación),30119,Otras formas de violación,alta
636,Aborto cometido por facultativo por causales no reguladas,106,Feticidio ilegal,alta
637,Violación de mayor de 14 años,30113,Violación por presunción legal,alta
638,"Captación, grabación y difusión de registros audiovisuales de partes íntimas",30223,Captación de menores con fines sexuales,alta
639,Abuso sexual de mayor de 14 años por sorpresa y/o sin consentimiento,301,Violencia sexual,alta
640,Acoso sexual en lugares públicos o de libre acceso público,8029,Otros actos contrarios a las normas de conducta sexual orientadas al mantenimiento del orden público,alta
647,Transmisión de imágenes de connotación sexual de menor 18 años,30221,Pornografía infantil,alta
648,Comercialización de material pornográfico de menores de 18 años,30221,Pornografía infantil,alta
649,Producción material pornográfico utilizando menores de 18 años,30221,Pornografía infantil,alta
650,Adquisición o almacenamiento material pornográfico infantil,30221,Pornografía infantil,alta
651,Exhibición de registros de contenido sexual sin consentimiento,8029,Otros actos contrarios a las normas de conducta sexual orientadas al mantenimiento del orden público,alta
652,Difusión de registros de contenido sexual sin consentimiento,8022,Delitos de pornografía,alta
699,"Otros delitos contra el orden de las familias, contra la moralidad pública y contra la integridad sexual",8029,Otros actos contrarios a las normas de conducta sexual orientadas al mantenimiento del orden público,alta
701,Parricidio,101,Homicidio intencional,alta
702,Homicidio,101,Homicidio intencional,alta
703,Homicidio calificado,101,Homicidio intencional,alta
704,Homicidio simple,1031,Homicidio no culposo,alta
705,Homicidio en riña o pelea,101,Homicidio intencional,alta
706,Auxilio al suicidio,104,Suicidio asistido o incitación al suicidio,alta
707,Infanticidio,101,Homicidio intencional,alta
708,Lesiones corporales,20111,Agresión grave,alta
709,Lesiones graves,20111,Agresión grave,alta
710,Lesiones menos graves,20112,Agresión leve,alta
715,Calumnia,209,Difamación o insulto,alta
716,Injuria,209,Difamación o insulto,alta
717,Lesiones graves gravísimas,20111,Agresión grave,alta
718,Castración y mutilación,2119,Otras transgresiones contra las personas,alta
719,Mutilación,2119,Otras transgresiones contra las personas,alta
720,Femicidio íntimo,101,Homicidio intencional,alta
721,Tráfico de migrantes,8051,Delitos de tráfico ilícito de migrantes,alta
722,Tráfico de migrantes cometidos por funcionario público,8051,Delitos de tráfico ilícito de migrantes,alta
723,Trata de personas para la explotación sexual,204,Trata de personas,alta
724,Trata de personas menores de 18 años,204,Trata de personas,alta
725,Asociación ilícita para tráfico de migrantes y/o trata de personas,8051,Delitos de tráfico ilícito de migrantes,alta
726,Promover o facilitar entrada o salida de personas del país para prostitución,204,Trata de personas,alta
727,Trata de personas para trabajos forzados y otros,204,Trata de personas,alta
763,Maltrato corporal a menores o personas vulnerables,20611,Negligencia en situaciones de menores bajo cuidado,alta
764,Maltrato cometido por persona con deber de cuidado,20619,Otras formas de negligencia en situaciones de personas bajo cuidado,alta
765,Tratos degradantes a personas vulnerables,204,Trata de personas,alta
766,Femicidio no íntimo,301,Violencia sexual,alta
767,Lesiones graves y menos graves a miembros de bomberos en el ejercicio de sus funciones,20111,Agresión grave,alta
768,"Suicidio femicida, inducción al suicidio y/o al suicidio femicida",104,Suicidio asistido o incitación al suicidio,alta
769,Conspiración para cometer homicidio calificado por premio o promesa remuneratoria,1042,Otros actos de suicidio asistido o incitación al suicidio,alta
770,Conspiración para cometer homicidio calificado por premio o promesa remuneratoria contra autoridades,8064,Conspiración,alta
799,Otros delitos contra las personas,2119,Otras transgresiones contra las personas,alta
801,Hurto simple,502,Hurto,alta
802,Robo con intimidación,401,Robo,alta
803,Robo con violencia,4011,Robo a personas,alta
804,Robo por sorpresa,40111,Robo a personas en lugares públicos,alta
805,Robo calificado,401,Robo,alta
806,Extorsión,2051,Extorsión o chantaje,alta
807,Robo con fuerza en las cosas,501,Robo con entrada ilícita,alta
808,Robo en bienes nacionales de uso público o sitios no destinados a habitación,5024,Hurto de bienes públicos,alta
809,Robo en lugar habitado,501,Robo con entrada ilícita,alta
810,Robo en lugar no habitado,501,Robo con entrada ilícita,alta
811,Abigeato,5025,Hurto de ganado,alta
812,Receptación,7049,Otros actos relacionados con el producto del delito,alta
813,Usurpación,509,Otros actos contra la propiedad solamente,alta
814,Destrucción o alteración de deslindes,504,Daños a la propiedad,alta
815,Insolvencia punible (alzamiento de bienes),509,Otros actos contra la propiedad solamente,alta
816,Estafas y otras defraudaciones contra particulares,701,Fraude,alta
817,Usura,8042,Actos contrarios a disposiciones comerciales o financieras,alta
818,Apropiación indebida (incluye depositario alzado),509,Otros actos contra la propiedad solamente,alta
819,Incendio y otros estragos,504,Daños a la propiedad,alta
820,Daños,504,Daños a la propiedad,alta
821,Hurto de hallazgo,502,Hurto,alta
824,Abuso de firma en blanco,7023,Actos de falsificación de documentos,alta
825,Infracción artículo 454,50229,Otras formas de hurto de bienes personales,alta
826,Hurto agravado,50229,Otras formas de hurto de bienes personales,alta
827,Robo con homicidio,401,Robo,alta
828,Robo con violación,40112,Robo a personas en lugares privados,alta
829,"Robo con castración, mutilación o lesiones graves gravísimas",401,Robo,alta
830,Robo con retención de víctimas o con lesiones graves,401,Robo,alta
831,Robo de vehículo motorizado,40121,Robo de automóviles o vehículos,alta
832,Portar elementos conocidamente destinados a cometer delito de robo,8063,Intención delictiva,alta
833,Usurpación u ocupación violenta de inmueble,509,Otros actos contra la propiedad solamente,alta
834,Usurpación u ocupación de inmueble no violenta sin daños a las cosas,509,Otros actos contra la propiedad solamente,alta
835,Invasión de derechos ajenos,509,Otros actos contra la propiedad solamente,alta
836,Usurpación de aguas,10012,Actos que causan la contaminación o degradación del agua,alta
837,Incendio,504,Daños a la propiedad,alta
838,Incendio con resultado de muerte y/o lesiones,504,Daños a la propiedad,alta
839,Otros estragos,504,Daños a la propiedad,alta
840,Daños simples,504,Daños a la propiedad,alta
841,Daños calificados,504,Daños a la propiedad,alta
845,Fraude de subvenciones,701,Fraude,alta
846,Hurto simple por un valor sobre 40 UTM,502,Hurto,alta
847,Hurto simple por un valor de 4 a 40 UTM,502,Hurto,alta
848,Hurto simple por un valor de media a 4 UTM,502,Hurto,alta
849,Apropiación de cables de tendido eléctrico o de comunicaciones,509,Otros actos contra la propiedad solamente,alta
850,Incendio Art. 475 y siguientes (salvo Art.476 n°3),504,Daños a la propiedad,alta
851,Incendio de bosques,504,Daños a la propiedad,alta
852,Celebración de contrato simulado,701,Fraude,alta
853,Hurto de bienes pertenecientes a redes de suministro público,5026,Hurto de servicios,alta
854,Incendio con peligro para las personas,504,Daños a la propiedad,alta
855,Incendio solo con daños o sin peligro de propagación,504,Daños a la propiedad,alta
856,Apropiación indebida,7032,Malversación o peculado,alta
857,Depositario alzado,502,Hurto,alta
858,Robo con fuerza de cajeros automáticos,40131,Robo a instituciones financieras,alta
859,"Deudor, gerentes, directores, administradores o representantes que actúen en perjuicio de los acreedores",701,Fraude,alta
860,"Veedor o liquidador que realice conductas señaladas en los Arts. 464, 464 bis, 464 ter, y 464 quáter",7032,Malversación o peculado,alta
861,Robo con lesiones graves,20111,Agresión grave,alta
862,Robo con retención de víctimas o lesiones graves,4011,Robo a personas,alta
863,Administración desleal de persona natural,70112,Fraude financiero contra personas naturales o jurídicas,alta
864,Receptación cometida por persona jurídica,7049,Otros actos relacionados con el producto del delito,alta
865,Administración desleal de persona jurídica,804,Actos contrarios a las disposiciones relativas a los ingresos públicos u otras disposiciones regulatorias,alta
866,Apropiación indebida cometido por persona jurídica,509,Otros actos contra la propiedad solamente,alta
867,"Robo de vehículo motorizado por sorpresa, violencia o intimidación",40121,Robo de automóviles o vehículos,alta
868,Robo de vehículo utilizando elementos distractivos,50212,Utilización ilegal de vehículos terrestres de motor,alta
869,Receptación de vehículos motorizados,50212,Utilización ilegal de vehículos terrestres de motor,alta
870,Robo con ocasión de calamidad o alteración al orden público,8012,Actos relacionados con las normas y preceptos sociales y religiosos orientados al mantenimiento del orden público,alta
871,Hurto con ocasión de calamidad o alteración al orden público,8011,Delitos relacionados con la alteración violenta del orden público,alta
872,Saqueo,409,Otros actos contra la propiedad que entrañan violencia o amenaza de violencia contra las personas,alta
877,Portar elementos para provocar incendio o estragos,504,Daños a la propiedad,alta
891,Sustracción de madera,10041,Tala ilegal,alta
892,Sustracción de madera. Persona jurídica,10041,Tala ilegal,alta
896,Posesión o tenencia ilegítima de madera,10041,Tala ilegal,alta
897,Falsificación de documentos para transportar o comercializar madera,7023,Actos de falsificación de documentos,alta
898,Pago de remuneración desproporcionada inferior al Ingreso Mínimo Mensual,808,Actos contrarios al derecho laboral,alta
899,Otros delitos contra la propiedad,509,Otros actos contra la propiedad solamente,alta
901,Cuasidelito de lesiones,206,Negligencia,alta
905,Cuasidelito de homicidio,1031,Homicidio no culposo,alta
909,Negligencia médica,2062,Negligencia profesional,alta
910,Cuasidelito de lesiones cometido por profesionales de la salud,2062,Negligencia profesional,alta
911,Cuasidelito de homicidio cometido por profesionales de la salud,2062,Negligencia profesional,alta
912,Duplicación de inscripciones de derechos de agua,10012,Actos que causan la contaminación o degradación del agua,alta
999,Otros de los cuasidelitos,1109,Otros actos delictivos no clasificados en otra parte,alta
1001,Presunta desgracia,206,Negligencia,alta
1002,Muertes y hallazgo de cadáver,2119,Otras transgresiones contra las personas,alta
1006,Hallazgo de vehículo,50222,Hurto de bienes personales de un vehículo,alta
1007,Ampliación de parte,401,Robo,alta
1012,Intento de suicidio,104,Suicidio asistido o incitación al suicidio,alta
1014,Presunta desgracia infantil,20611,Negligencia en situaciones de menores bajo cuidado,alta
1018,Hallazgo de drogas,6012,"Tráfico, cultivo o producción ilícitos de drogas o precursores sujetos a fiscalización no destinados al consumo personal",alta
1099,Otros hechos que no constituyan delito,1109,Otros actos delictivos no clasificados en otra parte,alta
1100,"Usurpación u ocupación no violenta, pero con daño en las cosas",504,Daños a la propiedad,alta
1101,Engaño para celebrar contratos para transferir inmuebles,701,Fraude,alta
1102,Incendio solo con daños a terceros,504,Daños a la propiedad,alta
1103,Incendio de cosas de valor inferior a 4 sueldos vitales,504,Daños a la propiedad,alta
2001,Delitos informáticos Ley 19.223,9032,Injerencia ilícita en sistemas o datos informáticos,alta
2002,Sabotaje informático,9032,Injerencia ilícita en sistemas o datos informáticos,alta
2003,Espionaje informático,9033,Interceptación o acceso ilícitos a datos informáticos,alta
2004,Ataque a la integridad de sistema informático,9032,Injerencia ilícita en sistemas o datos informáticos,alta
2005,Acceso ilícito,9031,Acceso ilícito a sistemas informáticos,alta
2006,Interceptación ilícita,9033,Interceptación o acceso ilícitos a datos informáticos,alta
2007,Ataque a la integridad de los datos informáticos,9032,Injerencia ilícita en sistemas o datos informáticos,alta
2008,Falsificación informática,90322,Injerencia ilícita en datos informáticos,alta
2009,Receptación de datos informáticos,9032,Injerencia ilícita en sistemas o datos informáticos,alta
2010,Otros fraudes informáticos,7019,Otros actos de fraude,alta
2011,Abuso de los dispositivos,9039,Otros actos contra sistemas informáticos,alta
3001,Obtención fraudulenta de créditos,7011,Fraude financiero,alta
3002,"Alterar, ocultar o destruir balances, libros antecedentes sujeto a fiscalización",7019,Otros actos de fraude,alta
3003,Invasión del giro bancario,70112,Fraude financiero contra personas naturales o jurídicas,alta
3099,Otros delitos Ley General de Bancos,7023,Actos de falsificación de documentos,alta
4001,Giro doloso de cheques,7011,Fraude financiero,alta
4002,Tacha falsa de firma auténtica,7023,Actos de falsificación de documentos,alta
4003,Giro doloso de cheques (falta de fondos). Acción penal privada,7011,Fraude financiero,alta
4004,Giro doloso de cheques (cuenta cerrada). Acción penal privada,7011,Fraude financiero,alta
4005,Giro doloso de cheques. Acción penal pública,70212,Falsificación de medios de pago distintos del efectivo,alta
4006,Tacha falsa firma auténtica. Acción penal pública,7023,Actos de falsificación de documentos,alta
4099,Otros delitos Ley de Cuentas Corrientes Bancarias y Cheques,7049,Otros actos relacionados con el producto del delito,alta
5001,Delitos que contempla el Código Tributario,8041,Actos contrarios a las disposiciones relativas a los ingresos públicos,alta
5002,Comercio clandestino,8042,Actos contrarios a disposiciones comerciales o financieras,alta
5003,Declaración maliciosa de impuestos,8041,Actos contrarios a las disposiciones relativas a los ingresos públicos,alta
5004,Obtención indebida de devolución de impuestos,701,Fraude,alta
5005,Facilitación de facturas falsas,7023,Actos de falsificación de documentos,alta
5006,Falta al deber de informar,701,Fraude,alta
5098,Otros delitos del Código Tributario,8041,Actos contrarios a las disposiciones relativas a los ingresos públicos,alta
5099,Infracciones tributarias contempladas en otras leyes,8041,Actos contrarios a las disposiciones relativas a los ingresos públicos,alta
6001,Calumnias a través de medios de difusión (acción privada),209,Difamación o insulto,alta
6002,Injuria a través de medios de difusión (acción privada),209,Difamación o insulto,alta
6099,Otros delitos Ley 16.643 sobre abusos de publicidad,60219,"Otros actos ilícitos de producción, manipulación, posesión o uso de productos alcohólicos",alta
7001,Elaboración ilegal de drogas o sustancias sicotrópicas,60122,Fabricación ilícita de drogas sujetas a fiscalización no destinadas al consumo personal,alta
7006,Cultivo/cosecha de especies vegetales productoras de estupefacientes,60123,Cultivo ilícito de drogas sujetas a fiscalización no destinadas al consumo personal,alta
7007,Tráfico ilícito de drogas,6012,"Tráfico, cultivo o producción ilícitos de drogas o precursores sujetos a fiscalización no destinados al consumo personal",alta
7012,Receta innecesaria de drogas,60121,Tráfico ilícito de drogas sujetas a fiscalización no destinadas al consumo personal,alta
7013,Lavado de dinero,60121,Tráfico ilícito de drogas sujetas a fiscalización no destinadas al consumo personal,alta
7014,Asociaciones ilícitas Ley de Drogas,60121,Tráfico ilícito de drogas sujetas a fiscalización no destinadas al consumo personal,alta
7030,Desvío ilícito de precursores y sustancias esenciales Art. 3 Ley 20.000,60124,Desviación ilícita de precursores no destinados al consumo personal,alta
7031,Producción y tráfico por desvío de precursores,60124,Desviación ilícita de precursores no destinados al consumo personal,alta
7032,Suministro indebido de drogas,6012,"Tráfico, cultivo o producción ilícitos de drogas o precursores sujetos a fiscalización no destinados al consumo personal",alta
7033,"Prescripción médica abusiva de drogas, estupefacientes o sicotrópicas",6019,Otros actos ilícitos relacionados con drogas o precursores sujetos a fiscalización,alta
7034,Suministro de hidrocarburos aromáticos a menores,11021,Delitos en razón de la condición de menor de edad,alta
7035,Consumo de drogas (art. 41),60121,Tráfico ilícito de drogas sujetas a fiscalización no destinadas al consumo personal,alta
7036,Porte de drogas,60121,Tráfico ilícito de drogas sujetas a fiscalización no destinadas al consumo personal,alta
7037,Microtráfico (tráfico de pequeñas cantidades),60121,Tráfico ilícito de drogas sujetas a fiscalización no destinadas al consumo personal,alta
7038,Consumo o porte en lugares públicos o privados con previo concierto,602,"Actos ilícitos relacionados con bebidas alcohólicas, tabaco u otras sustancias sujetas a fiscalización",alta
7039,Consumo o porte de drogas en lugares calificados,6011,"Posesión, adquisición, utilización, cultivo o producción ilícitos de drogas sujetas a fiscalización para consumo personal",alta
7042,Facilitación de bienes al tráfico de drogas,60121,Tráfico ilícito de drogas sujetas a fiscalización no destinadas al consumo personal,alta
7043,Tolerancia al tráfico o consumo de drogas,6012,"Tráfico, cultivo o producción ilícitos de drogas o precursores sujetos a fiscalización no destinados al consumo personal",alta
7044,Tráfico de especies vegetales,1003,Comercio o posesión de especies protegidas o prohibidas de la fauna y la flora,alta
7045,Omisión de denunciar por funcionario público,703,Corrupción,alta
7046,Delitos cometidos por personal militar y gente de mar,60121,Tráfico ilícito de drogas sujetas a fiscalización no destinadas al consumo personal,alta
7047,Conspiración de Ley 20.000,8064,Conspiración,alta
7048,"Negativa injustificada de notarios, conservadores y archiveros a entregar copia de instrumentos y datos",NINGUNO,,alta
7049,Difusión de identidad de testigos protegidos,8061,Obstrucción de la justicia,alta
7050,Uso malicioso de identidad anterior,7019,Otros actos de fraude,alta
7051,"Violación de secreto parcial de la investigación y de la identidad de agentes encubiertos, agentes reveladores, etc.",904,Actos contra la seguridad del Estado,alta
7052,Violación del secreto absoluto de la investigación,601,Actos ilícitos relacionados con drogas o precursores sujetos a fiscalización,alta
7053,"Abandonar en lugar de fácil acceso plantas, semillas u otras",1003,Comercio o posesión de especies protegidas o prohibidas de la fauna y la flora,alta
7054,Suministro de estupefacientes sin consentimiento,60121,Tráfico ilícito de drogas sujetas a fiscalización no destinadas al consumo personal,alta
7098,Otras faltas a la Ley 19.366,60121,Tráfico ilícito de drogas sujetas a fiscalización no destinadas al consumo personal,alta
7099,Otros delitos de la Ley 20.000,60121,Tráfico ilícito de drogas sujetas a fiscalización no destinadas al consumo personal,alta
8001,Delitos contra Ley de Propiedad Industrial,503,Delitos contra la propiedad intelectual,alta
8002,Delitos marcarios,503,Delitos contra la propiedad intelectual,alta
8003,Demás delitos contra Ley de Propiedad Industrial,503,Delitos contra la propiedad intelectual,alta
9001,Delitos contra Ley de Propiedad Intelectual,503,Delitos contra la propiedad intelectual,alta
9002,Falsificación de obras protegidas por Ley de Propiedad Intelectual,503,Delitos contra la propiedad intelectual,alta
9003,Venta ilícita de obras protegidas por Ley de Propiedad Intelectual,503,Delitos contra la propiedad intelectual,alta
9004,Utilización sin autorización de obras de dominio ajeno por Ley de Propiedad Intelectual,503,Delitos contra la propiedad intelectual,alta
9005,"Inducir, permitir, facilitar u ocultar una infracción de los derechos de autor o conexos Art. 81 ter Ley 17.336",503,Delitos contra la propiedad intelectual,alta
9099,Demás delitos contemplados en la Ley de Propiedad Intelectual,503,Delitos contra la propiedad intelectual,alta
10001,"Posesión, tenencia o porte de armas sujetas a control",9011,Posesión o uso de armas y explosivos,alta
10004,"Porte ilegal de arma de fuego, municiones y otros sujetas a control",90111,Posesión o uso ilícitos de armas de fuego,alta
10005,Adquisición y venta indebida de cartuchos y municiones. Art. 9 A Ley 17.798,9012,Tráfico de armas y explosivos,alta
10006,Violación de reserva base de datos s/inscrip.y reg. de arma,9011,Posesión o uso de armas y explosivos,alta
10007,Abandono de armas o elementos sujetas a control,9011,Posesión o uso de armas y explosivos,alta
10008,Porte de arma prohibida,90111,Posesión o uso ilícitos de armas de fuego,alta
10009,Posesión o tenencia de armas prohibidas,90111,Posesión o uso ilícitos de armas de fuego,alta
10010,Tráfico de armas,9012,Tráfico de armas y explosivos,alta
10011,"Posesión, tenencia o porte de municiones y sustancias químicas",9011,Posesión o uso de armas y explosivos,alta
10012,"Porte de arma de guerra, química, biológica o nuclear",901,"Actos relacionados con armas, explosivos y otros materiales destructivos",alta
10013,"Posesión o tenencia de armas de guerra, química, biológica o nuclear",90113,"Posesión o uso ilícitos de materiales químicos, biológicos o radiactivos",alta
10014,Entrega o puesta a disposición de armas a menores,11029,Otros actos contrarios a las leyes u otras disposiciones sobre menores,alta
10015,Colocación de bomba o artefacto,901,"Actos relacionados con armas, explosivos y otros materiales destructivos",alta
10016,Disparos injustificados en la vía pública,90111,Posesión o uso ilícitos de armas de fuego,alta
10017,"Organizar, pertenecer, financiar o colaborar con milicias privadas",908,Otros actos contra la seguridad pública y la seguridad del Estado,alta
10018,"Delitos referidos a la Ley sobre armas biológicas, químicas o toxínicas",90113,"Posesión o uso ilícitos de materiales químicos, biológicos o radiactivos",alta
10037,"Accionar fuegos artificiales, pirotécnicos o similares sin autorización",90119,Otros actos relacionados con posesión o uso de armas y explosivos,alta
10038,Posesión de fuegos artificiales,90119,Otros actos relacionados con posesión o uso de armas y explosivos,alta
10039,"Fabricación, elaboración, modificación, importación, exportación, adquisición de fuegos artificiales",90119,Otros actos relacionados con posesión o uso de armas y explosivos,alta
10040,Venta ilegal de cartuchos o municiones,9012,Tráfico de armas y explosivos,alta
10041,Entrega de arma o elementos a menores de edad,11021,Delitos en razón de la condición de menor de edad,alta
10042,Borrado del número de serie de arma o municiones,90119,Otros actos relacionados con posesión o uso de armas y explosivos,alta
10099,Otros delitos de la Ley de Control de Armas,90119,Otros actos relacionados con posesión o uso de armas y explosivos,alta
11001,Maltrato de obra personal de Investigaciones con o sin lesiones,219,Otros actos que causan daños o que tienen la intención de causar daños a las personas,alta
11002,Obtención declaraciones forzadas,20222,Retención ilegal,alta
11003,Causar la muerte a personal de la Policía de Investigaciones,101,Homicidio intencional,alta
11004,Amenazar simple o condicionalmente u ofender públicamente a personal de la Policía de Investigaciones,2012,Amenaza,alta
11005,"Falsificación de placas, tarjetas, timbres y sellos de Investigaciones",7023,Actos de falsificación de documentos,alta
11006,Falsificación de parte policial,8061,Obstrucción de la justicia,alta
11099,Otros delitos Ley Orgánica de Investigaciones,1109,Otros actos delictivos no clasificados en otra parte,alta
11101,Homicidio de gendarme en el desempeño de sus funciones,101,Homicidio intencional,alta
11102,Maltrato de obra a gendarme en el desempeño de sus funciones,2011,Agresión,alta
11103,Amenaza a gendarme en el desempeño de sus funciones,2012,Amenaza,alta
11104,Ingreso ilegítimo de aparatos de comunicaciones y tecnológicos a centros penitenciarios,9033,Interceptación o acceso ilícitos a datos informáticos,alta
12010,Infracción Ley Mataderos Clandestinos,10091,Actos contra los animales,alta
12020,Infracción Ley 18.892 de Pesca,10042,"Caza, pesca o recolección ilegales de fauna y flora silvestres",alta
12021,Infracción por contaminación,10012,Actos que causan la contaminación o degradación del agua,alta
12022,Otras infracciones Ley de Pesca,10042,"Caza, pesca o recolección ilegales de fauna y flora silvestres",alta
12023,Pesca ilegal,10042,"Caza, pesca o recolección ilegales de fauna y flora silvestres",alta
12030,Infracción L.O.C del Banco Central,704,Actos relacionados con el producto del delito,alta
12031,Falsificación de dinero Art. 64 Ley 18.840 del Banco Central,70211,Falsificación de medios de pago en efectivo,alta
12032,Otras infracciones a la Ley del Banco Central,11029,Otros actos contrarios a las leyes u otras disposiciones sobre menores,alta
12040,Infracción Ley 18.175 de Quiebras,1102,Actos contrarios a las leyes u otras disposiciones sobre menores,alta
12050,Infracción Ordenanza de Aduanas,8041,Actos contrarios a las disposiciones relativas a los ingresos públicos,alta
12051,Contrabando. Infracción a la Ordenanza de Aduanas,8044,Contrabando de bienes,alta
12052,Fraude aduanero. Infracción a la Ordenanza de Aduanas,702,Falsificación,alta
12053,Receptación aduanera. Infracción a la Ordenanza de Aduanas,7049,Otros actos relacionados con el producto del delito,alta
12054,Otras infracciones a la Ordenanza de Aduanas Ley 20.780,8041,Actos contrarios a las disposiciones relativas a los ingresos públicos,alta
12055,Contrabando de especies exóticas,100312,Tráfico transfronterizo de especies protegidas,alta
12056,Contrabando de dinero,8044,Contrabando de bienes,alta
12060,Infracción artículo 74 bis b) del C.P.P (secreto sumario),1102,Actos contrarios a las leyes u otras disposiciones sobre menores,alta
12071,Otorgamiento irregular de documentos,7023,Actos de falsificación de documentos,alta
12072,Falsificación de licencia de conducir y otras falsificaciones,7023,Actos de falsificación de documentos,alta
12073,Accidente con resultado de muerte o lesiones graves,10321,Homicidio por tránsito vehicular,alta
12074,Conducción sin la licencia debida,907,Infracciones de tráfico no lesivas,alta
12075,Conducción bajo la influencia del alcohol,20721,Utilización de un vehículo bajo los efectos del alcohol,alta
12076,Instalación indebida de señales del tránsito o barreras,907,Infracciones de tráfico no lesivas,alta
12077,No dar cuenta de accidente de tránsito,907,Infracciones de tráfico no lesivas,alta
12078,Conducción bajo la influencia del alcohol con o sin daños o lesiones leves,20721,Utilización de un vehículo bajo los efectos del alcohol,alta
12079,Conducción bajo la influencia del alcohol causando lesiones menos graves,20721,Utilización de un vehículo bajo los efectos del alcohol,alta
12080,Conducción bajo la influencia del alcohol causando lesiones graves,20721,Utilización de un vehículo bajo los efectos del alcohol,alta
12081,Maltrato de obra a Carabineros,201,Agresiones y amenazas,alta
12082,Amenazas a Carabineros,2012,Amenaza,alta
12083,Conducción bajo la influencia del alcohol causando lesiones graves gravísimas o muerte,20721,Utilización de un vehículo bajo los efectos del alcohol,alta
12086,Matar a Carabinero en ejercicio de sus funciones,101,Homicidio intencional,alta
12087,"Traición, espionaje y demás delitos contra la soberanía y seguridad exterior del Estado",904,Actos contra la seguridad del Estado,alta
12088,Uso de uniforme o insignias de Fuerzas Armadas o Carabineros de Chile,9011,Posesión o uso de armas y explosivos,alta
12089,Otras infracciones al Código Justicia Militar,NINGUNO,,baja
12090,Delitos contenidos en la Ley de Adopción de Menores,20291,Adopción ilegal,alta
12100,Delitos contenidos en el D.L 1.094 de extranjería,8059,Otros actos ilícitos relacionados con la migración,alta
12110,Delitos de la Ley 4.702 de compraventa bienes a plazo,7049,Otros actos relacionados con el producto del delito,alta
12120,Delitos contemplados en la Ley antimonopolios,1102,Actos contrarios a las leyes u otras disposiciones sobre menores,alta
12121,"Extranjeros que ingresan o intentan egresar del país con documentos falsificados, adulterados o a nombre de otro",8059,Otros actos ilícitos relacionados con la migración,alta
12122,Extranjeros que ingresan o intentan egresar del país clandestinamente,8059,Otros actos ilícitos relacionados con la migración,alta
12123,Robo o hurto de material de guerra,401,Robo,alta
12124,Adquisición material de guerra o vestuario instituciones armadas,9011,Posesión o uso de armas y explosivos,alta
12125,Falsedades,7021,Falsificación de medios de pago,alta
12130,Reconocimiento malicioso de posesión regular,7049,Otros actos relacionados con el producto del delito,alta
12131,Vigilancia privada no autorizada,9033,Interceptación o acceso ilícitos a datos informáticos,alta
12132,"Infracción Ley General de Telecomunicaciones Letras A,B,C,D,G y F (excluye la Letra E)",9033,Interceptación o acceso ilícitos a datos informáticos,alta
12133,Lavado de dinero persona natural,7041,Blanqueo de dinero,alta
12134,Otras infracciones a la Ley 19.913,1102,Actos contrarios a las leyes u otras disposiciones sobre menores,alta
12135,Infracción a la Ley Mercado de Valores,70112,Fraude financiero contra personas naturales o jurídicas,alta
12136,Enseñanza no autorizada de artes marciales,2011,Agresión,alta
12137,Corte o destrucción de árboles o arbustos,10041,Tala ilegal,alta
12138,Caza y comercialización de especies prohibidas,10032,Comercio o posesión de especies animales prohibidas o controladas,alta
12139,Infracciones al Código Aeronáutico,907,Infracciones de tráfico no lesivas,alta
12140,Tráfico de órganos (incluye provenientes de aborto),2043,Trata de personas con fines de extracción de órganos,alta
12141,Infracción al estatuto de capacitación y empleo,808,Actos contrarios al derecho laboral,alta
12142,Infracción en el otorgamiento prestaciones de salud,701,Fraude,alta
12143,Transporte o distribución de gas e instalaciones clandestinas,NINGUNO,,alta
12144,Interrupción de servicio eléctrico,504,Daños a la propiedad,alta
12145,Loteos irregulares,509,Otros actos contra la propiedad solamente,alta
12146,Infracción a la Ley Orgánica Constitucional sobre Votaciones Populares y Escrutinios,8071,Actos encaminados a influir indebidamente en los votantes en elecciones,alta
12147,Ejercicio irregular de martillero público,8019,Otros actos contrarios a las normas de conducta orientadas al mantenimiento del orden público,alta
12148,Infracciones a la Ley de Seguridad Nuclear,90113,"Posesión o uso ilícitos de materiales químicos, biológicos o radiactivos",alta
12149,Desacato,8062,Incumplimiento de órdenes judiciales,alta
12150,Uso ilícito del fuego,1009,Otros actos contra el entorno natural,alta
12151,Uso malicioso de medios de pago u obtención maliciosa de devoluciones.  Art. 7° letras a) y b) Ley 20.009,70212,Falsificación de medios de pago distintos del efectivo,alta
12152,Delitos de la Ley 17.322 sobre cotizaciones,808,Actos contrarios al derecho laboral,alta
12153,Infracciones a la seguridad social,7033,Abuso de funciones,alta
12154,Daños o apropiación sobre monumentos nacionales Art. 38-38 bis Ley 17.288,8049,Otros actos contra la administración pública o contra disposiciones regulatorias,alta
12155,Infracción en la utilización de gas como combustible en vehículos,907,Infracciones de tráfico no lesivas,alta
12156,"Acceso, divulgación y uso indebido de información genética con ocasión de tratamiento de ADN",903,Actos contra sistemas informáticos,alta
12157,Obstrucción a la justicia con ocasión de tratamiento de ADN,8061,Obstrucción de la justicia,alta
12158,Delitos de la Ley de Sociedades Anónimas,701,Fraude,alta
12159,Delitos contenidos en Leyes de Prenda Especiales,1102,Actos contrarios a las leyes u otras disposiciones sobre menores,alta
12160,Fraudulenta atribución de la calidad de indígena,701,Fraude,alta
12161,Infracción a la Ley sobre Genoma Humano,2119,Otras transgresiones contra las personas,alta
12162,Incumplimiento malicioso en el pago pensiones alimenticias,804,Actos contrarios a las disposiciones relativas a los ingresos públicos u otras disposiciones regulatorias,alta
12163,Delitos relativos al pago de pensiones alimenticias,7023,Actos de falsificación de documentos,alta
12170,Delitos contra la Ley de Bosque Nativo,1009,Otros actos contra el entorno natural,alta
12171,"Fabricación, acopio o comercialización de hilo curado",60222,"Producción, tráfico o distribución ilícitos de productos de tabaco",alta
12172,"Uso, facilitación o transporte de hilo curado",60229,"Otros actos ilícitos de producción, manipulación, posesión o uso de productos de tabaco",alta
12173,Asociación ilícita,7049,Otros actos relacionados con el producto del delito,alta
12174,Lavado de dinero persona jurídica,7041,Blanqueo de dinero,alta
12175,Infracción al deber de información de la Ley 19.913,701,Fraude,alta
12180,Revelación de información obtenida en aplicación monitoreo telemático,9033,Interceptación o acceso ilícitos a datos informáticos,alta
12181,Inutilización de dispositivo para monitoreo telemático,9032,Injerencia ilícita en sistemas o datos informáticos,alta
12182,Daños a monumentos nacionales,8049,Otros actos contra la administración pública o contra disposiciones regulatorias,alta
12183,Apropiación de monumentos nacionales,8049,Otros actos contra la administración pública o contra disposiciones regulatorias,alta
12184,Conducción bajo la influencia del alcohol causando lesiones graves gravísimas,20721,Utilización de un vehículo bajo los efectos del alcohol,alta
12185,Conducción bajo la influencia del alcohol causando muerte,10321,Homicidio por tránsito vehicular,alta
12186,Comercialización o distribución de señal protegida de televisión,803,Actos relacionados con la libertad de expresión o el control de la expresión,alta
12187,Fraudes en transacciones electrónicas,7011,Fraude financiero,alta
12188,Obtención simulada o engañosa de beneficios para cuidadores de niños o niñas durante la pandemia del Covid-19,701,Fraude,alta
12189,Uso malicioso de recetas médicas digitales,6019,Otros actos ilícitos relacionados con drogas o precursores sujetos a fiscalización,alta
12190,Acuerdos abusivos del directorio de S.A,8042,Actos contrarios a disposiciones comerciales o financieras,alta
12200,Delitos de la Ley 18.450 sobre riego o drenaje,702,Falsificación,alta
12201,"Uso malicioso de tarjeta, clave o dispositivo financiero",7011,Fraude financiero,alta
12202,Obtención maliciosa o restitución de los fondos de operaciones reclamadas,7011,Fraude financiero,alta
12203,Empleo de violencia innecesaria,110139,Otros crímenes de guerra,alta
12999,Delitos contemplados en otros textos legales,1109,Otros actos delictivos no clasificados en otra parte,alta
13001,Lesiones leves,20112,Agresión leve,alta
13002,Faltas Código Penal conocidas por juzgados del crimen,704,Actos relacionados con el producto del delito,alta
13005,Consumo y otras faltas Ley de Drogas,60211,Posesión o uso ilícitos de productos alcohólicos,alta
13016,Infracción a la Ley Electoral,8079,Otros actos relacionados con las elecciones democráticas,alta
13017,Infracción a la Ley 16.643 de Abusos de Publicidad,60219,"Otros actos ilícitos de producción, manipulación, posesión o uso de productos alcohólicos",alta
13018,Violencia en los estadios,8011,Delitos relacionados con la alteración violenta del orden público,alta
13021,Ofensas al pudor,8029,Otros actos contrarios a las normas de conducta sexual orientadas al mantenimiento del orden público,alta
13022,Disensiones domésticas,809,"Otros actos contra el orden público, la autoridad y las disposiciones del Estado",alta
13023,Alterar el orden público,8012,Actos relacionados con las normas y preceptos sociales y religiosos orientados al mantenimiento del orden público,alta
13024,Ocultación de identidad,7019,Otros actos de fraude,alta
13025,Dejar animales sueltos,10091,Actos contra los animales,alta
13026,Arrojamiento de piedras u otros objetos,2079,Otros actos peligrosos,alta
13027,Daño (falta),5041,Daños a bienes públicos,alta
13028,Hurto (falta),502,Hurto,alta
13030,Amenaza con arma (falta),2012,Amenaza,alta
13031,Falta de respeto a la autoridad pública,809,"Otros actos contra el orden público, la autoridad y las disposiciones del Estado",alta
13032,"Malversación, defraudación e incendio por menos de 1 UTM",7032,Malversación o peculado,alta
13033,Riña pública,8011,Delitos relacionados con la alteración violenta del orden público,alta
13034,Infracción a reglamento de carruajes públicos o particulares,907,Infracciones de tráfico no lesivas,alta
13035,Desórdenes en espectáculos públicos,8012,Actos relacionados con las normas y preceptos sociales y religiosos orientados al mantenimiento del orden público,alta
13036,Lesiones leves 494 nº 5 Código Penal,20112,Agresión leve,alta
13037,Caza y pesca con violencia,10042,"Caza, pesca o recolección ilegales de fauna y flora silvestres",alta
13038,Ganado que entra a predio ajeno causando daños,504,Daños a la propiedad,alta
13049,Obstrucción a la investigación de delito o infracción de la Ley de Violencia en los Estadios,8061,Obstrucción de la justicia,alta
13050,Lesiones a las personas o daño a la propiedad con motivo u ocasión de un espectáculo de fútbol profesional,207,Actos peligrosos,alta
13051,Otros delitos sobre Ley 19.327 sobre Violencia en los Estadios,8011,Delitos relacionados con la alteración violenta del orden público,alta
13052,Ocultación de identidad en control investigativo,7019,Otros actos de fraude,alta
13053,Ocultación de identidad en control preventivo,7019,Otros actos de fraude,alta
13096,Dirigir reuniones tumultuosas,8019,Otros actos contrarios a las normas de conducta orientadas al mantenimiento del orden público,alta
13097,Otras faltas Código Penal,1109,Otros actos delictivos no clasificados en otra parte,alta
13098,Otras faltas leyes especiales,1109,Otros actos delictivos no clasificados en otra parte,alta
13099,Otros que no dan motivo a ingreso de sumario,1109,Otros actos delictivos no clasificados en otra parte,alta
13100,Impedir ejercicio de funciones a inspectores municipales,7033,Abuso de funciones,alta
13101,Transporte de desechos a vertederos clandestinos,1002,Actos relacionados con el traslado o vertimiento de desechos,alta
13103,Perro potencialmente peligroso no inscrito,10032,Comercio o posesión de especies animales prohibidas o controladas,alta
13104,"Arrojar basura o desechos en playas, parques nacionales u otros",10021,Actos relacionados con el traslado o vertimiento de desechos dentro de las fronteras nacionales,alta
13105,Impedir acceso a playas,202,Actos contra la libertad,alta
13106,No informar domicilio por delitos sexuales (NNA),802,Actos contrarios a las normas de conducta sexual orientadas al mantenimiento del orden público,alta
14001,Conducción estado de ebriedad con resultado de muerte o lesiones graves gravísimas,10321,Homicidio por tránsito vehicular,alta
14002,Conducción estado de ebriedad con resultado de lesiones graves o menos graves,20721,Utilización de un vehículo bajo los efectos del alcohol,alta
14003,Conducción estado de ebriedad con resultado de daños,20721,Utilización de un vehículo bajo los efectos del alcohol,alta
14004,Conducción estado de ebriedad con suspensión de licencia,2072,Utilización de un vehículo bajo los efectos de sustancias psicoactivas,alta
14005,Negativa a efectuarse examen,2072,Utilización de un vehículo bajo los efectos de sustancias psicoactivas,alta
14006,Conducción estado ebriedad con resultado de muerte,10321,Homicidio por tránsito vehicular,alta
14007,Conducción estado ebriedad con resultado de lesiones graves gravísimas,20721,Utilización de un vehículo bajo los efectos del alcohol,alta
14008,Conducción estado de ebriedad con resultado de lesiones graves,20721,Utilización de un vehículo bajo los efectos del alcohol,alta
14009,Conducción estado ebriedad con resultado de lesiones menos graves,20721,Utilización de un vehículo bajo los efectos del alcohol,alta
14020,Cuasidelito vehículo motorizado,2063,Negligencia relacionada con la conducción de un vehículo,alta
14021,Marcharse del sitio del suceso sin prestar auxilio a la víctima,2069,Otros actos de negligencia,alta
14022,Ocultamiento de placa patente,7023,Actos de falsificación de documentos,alta
14050,Otros delitos contra la ley de alcoholes,602,"Actos ilícitos relacionados con bebidas alcohólicas, tabaco u otras sustancias sujetas a fiscalización",alta
14051,Ebriedad,2072,Utilización de un vehículo bajo los efectos de sustancias psicoactivas,alta
14052,Conducción estado de ebriedad con o sin daños o lesiones leves,20721,Utilización de un vehículo bajo los efectos del alcohol,alta
14053,Expendio de bebidas alcohólicas,60212,"Producción, tráfico o distribución ilícitos de productos alcohólicos",alta
14054,Consumo de bebidas alcohólicas en la vía pública,602,"Actos ilícitos relacionados con bebidas alcohólicas, tabaco u otras sustancias sujetas a fiscalización",alta
14055,Reclamo de clausura,907,Infracciones de tráfico no lesivas,alta
14056,Atentado a vehículo motorizado en circulación con objeto contundente u otro semejante,40121,Robo de automóviles o vehículos,alta
14057,Conducir vehículo durante la vigencia de alguna sanción impuesta,907,Infracciones de tráfico no lesivas,alta
14060,Otros delitos contra la Ley de Tránsito,907,Infracciones de tráfico no lesivas,alta
14062,Falsificación medios de pago de transportes. Art. 196 quáter Ley 18.290,70212,Falsificación de medios de pago distintos del efectivo,alta
14063,Falsificación de medios de pago de transporte. Art. 196 quinquies Ley del Tránsito,70212,Falsificación de medios de pago distintos del efectivo,alta
14064,Comercialización de dispositivos falsificados,70212,Falsificación de medios de pago distintos del efectivo,alta
14065,Mal uso de información de medios tecnológicos de transporte público,90322,Injerencia ilícita en datos informáticos,alta
14066,Lesionar o amenazar a fiscalizador de transportes,907,Infracciones de tráfico no lesivas,alta
14087,Conducción en carreras no autorizadas con o sin daños o lesiones leves,907,Infracciones de tráfico no lesivas,alta
14088,Conducción en carreras no autorizadas causando lesiones menos graves o graves,2063,Negligencia relacionada con la conducción de un vehículo,alta
14089,Conducción en carreras no autorizadas causando lesiones gravísimas o la muerte,10321,Homicidio por tránsito vehicular,alta
14090,Organizar carreras no autorizadas,907,Infracciones de tráfico no lesivas,alta
14091,Facilitar vehículos motorizados para la participación en carreras clandestinas,50212,Utilización ilegal de vehículos terrestres de motor,alta
14092,Sobrepasar en 60 km/h los límites fijados de velocidad máxima,907,Infracciones de tráfico no lesivas,alta
14099,Otras faltas contra la Ley de Alcoholes,602,"Actos ilícitos relacionados con bebidas alcohólicas, tabaco u otras sustancias sujetas a fiscalización",alta
15001,Ley 18.314 de Conductas Terroristas,906,Terrorismo,alta
15002,Crímenes y simples delitos seguridad interior del Estado,904,Actos contra la seguridad del Estado,alta
15003,Crímenes y simples delitos contra la soberanía nacional y seguridad exterior del Estado,904,Actos contra la seguridad del Estado,alta
15007,Delitos de la Ley de Seguridad Interior del Estado contra el orden público y la normalidad de las actividades nacionales,8012,Actos relacionados con las normas y preceptos sociales y religiosos orientados al mantenimiento del orden público,alta
16400,Difusión indebida de entrevista videograbada,11029,Otros actos contrarios a las leyes u otras disposiciones sobre menores,alta
16401,Peleas de animales como espectáculos,10091,Actos contra los animales,alta
16402,Delitos del D.L. 3538 de 1979 que regula mercado financiero,8042,Actos contrarios a disposiciones comerciales o financieras,alta
16403,Asociación ilícita para comercio ilegal,503,Delitos contra la propiedad intelectual,alta
17001,Delitos que comprometen relaciones internacionales,11013,Crímenes de guerra,alta
18001,Expendio de bebidas alcohólicas a menores,11021,Delitos en razón de la condición de menor de edad,alta
18002,Otorgamiento de patentes de alcoholes,602,"Actos ilícitos relacionados con bebidas alcohólicas, tabaco u otras sustancias sujetas a fiscalización",alta
18003,Divulgación de datos militantes de partidos políticos,80329,Otros actos relacionados con expresiones de creencias y normas sociales controladas,alta
20001,"Envío de explosivos, homicidio, lesiones y secuestros terroristas",906,Terrorismo,alta
20002,Apoderamiento o atentado al transporte público,906,Terrorismo,alta
20003,Atentado terrorista contra Jefe de Estado o autoridad pública,906,Terrorismo,alta
20004,Atentado terrorista explosivo o incendiario,906,Terrorismo,alta
20005,Asociación ilícita terrorista,906,Terrorismo,alta
20006,Recaudar o proveer fondos para la comisión de delitos terroristas por persona natural. Art. 8 Ley 18.314,9062,Financiación del terrorismo,alta
20007,Recaudar o proveer fondos para la comisión de delitos terroristas por persona jurídica,9062,Financiación del terrorismo,alta
20017,Terrorismo individual que adhiere a los fines,906,Terrorismo,alta
20018,Terrorismo individual sin adherencia,906,Terrorismo,alta
20019,Favorecer acciones terroristas,906,Terrorismo,alta
20020,Proveer o recolectar fondos para la comisión de delitos terroristas,9062,Financiación del terrorismo,alta
20021,Conspiración terrorista,906,Terrorismo,alta
20022,Incitación terrorista,906,Terrorismo,alta
20099,Otros Ley 18.314,9069,Otros actos relacionados con las actividades de un grupo terrorista,alta
21001,Injurias y calumnias por medios de comunicación social,209,Difamación o insulto,alta
21002,Ultraje público a las buenas costumbres por medios de comunicación social,80329,Otros actos relacionados con expresiones de creencias y normas sociales controladas,alta
21003,Divulgación de identidad de menores por medios de comunicación social,11021,Delitos en razón de la condición de menor de edad,alta
21099,Otras faltas y delitos de la Ley 19.733,80322,Violaciones de las normas sobre intolerancia e incitación al odio,alta
22100,Maltrato habitual (violencia intrafamiliar),3012,Agresión sexual,alta
22101,Incumplimiento reiterado de pago de pensión alimenticia,8062,Incumplimiento de órdenes judiciales,alta
22200,Crímenes lesa humanidad y genocidio Ley 20.357,11015,Crímenes de lesa humanidad,alta
22300,Ley Responsabilidad Penal Personas jurídicas Ley 20.393,804,Actos contrarios a las disposiciones relativas a los ingresos públicos u otras disposiciones regulatorias,alta
22400,Infracciones a la Ley de Administración Provisional de Sostenedores Educacionales,8049,Otros actos contra la administración pública o contra disposiciones regulatorias,alta
22401,Infracciones al sistema de aseguramiento de la calidad de la educación (lucro en la educación),804,Actos contrarios a las disposiciones relativas a los ingresos públicos u otras disposiciones regulatorias,alta
22403,Desempeñar funciones de vigilantes privados fuera de los casos contemplados en esta ley.,9011,Posesión o uso de armas y explosivos,alta
22404,Infracción para servidores públicos por divulgación de información reservada,903,Actos contra sistemas informáticos,alta
22405,Infracción al deber de reserva,9033,Interceptación o acceso ilícitos a datos informáticos,alta
22410,Ocultación o entrega de información falsa a Fiscalía Nacional Económica,701,Fraude,alta
22411,Colusión,8045,Manipulación del mercado o utilización indebida de información privilegiada,alta
22412,Tráfico de residuos peligrosos (Ley 20.920),10022,Actos relacionados con el traslado o vertimiento transfronterizos de desechos,alta
22413,Falsificación de rótulos o certificados,702,Falsificación,alta
22499,Otros delitos D.L. 211,11021,Delitos en razón de la condición de menor de edad,alta
22500,Infracciones a la inversión extranjera directa en Chile. Ley 20.848,701,Fraude,alta
22600,Desatender el llamado a reclutamiento D.L. 2306,8062,Incumplimiento de órdenes judiciales,alta
22601,Remisos (reclutamiento) D.L.2306,904,Actos contra la seguridad del Estado,alta
22700,Infracciones Ley 21.063 que crea un seguro para el acompañamiento de niños y niñas que padezcan ciertas enfermedades,1102,Actos contrarios a las leyes u otras disposiciones sobre menores,alta
22800,Infracciones a la Ley 21.075 sobre el mal uso de aguas grises,10012,Actos que causan la contaminación o degradación del agua,alta
22900,Infracciones a la Ley 21.086 que perfecciona los beneficios otorgados a bomberos,701,Fraude,alta
23000,Infracciones a la Ley de Educación Superior,8049,Otros actos contra la administración pública o contra disposiciones regulatorias,alta
23100,Infracciones a la Ley sobre Protección al Consumidor,1102,Actos contrarios a las leyes u otras disposiciones sobre menores,alta
23200,Infracciones a la Ley 19.132 sobre TVN,1102,Actos contrarios a las leyes u otras disposiciones sobre menores,alta
23300,Infracciones a la Ley 18.287 sobre Juzgado de Policía Local,8062,Incumplimiento de órdenes judiciales,alta
23400,Infracciones a la Ley 19.220 sobre establecimiento de bolsas de productos agropecuarios,602,"Actos ilícitos relacionados con bebidas alcohólicas, tabaco u otras sustancias sujetas a fiscalización",alta
23500,Infracciones a la Ley de Identidad de Género,210,Discriminación,alta
23600,Financiamiento ilegal de candidaturas o de partidos políticos,8079,Otros actos relacionados con las elecciones democráticas,alta
23601,Mal uso de fondos fiscales para financiamiento de partido político,807,Actos relacionados con las elecciones democráticas,alta
23602,Rendición falsa de cuenta electoral,8079,Otros actos relacionados con las elecciones democráticas,alta
23700,Infracciones a la Ley de portabilidad financiera,7023,Actos de falsificación de documentos,alta
23725,Percepción ilegal de pensión garantizada universal,7019,Otros actos de fraude,alta
23750,Revelación del secreto del sistema de búsqueda de personas desaparecidas,904,Actos contra la seguridad del Estado,alta
23775,"Sustracción, ruptura de redes, comercialización de especies de cultivo",10032,Comercio o posesión de especies animales prohibidas o controladas,alta
23785,Homicidio a funcionario de las Fuerzas Armadas en desempeño de funciones de resguardo de la seguridad pública,908,Otros actos contra la seguridad pública y la seguridad del Estado,alta
23786,Maltrato de obra a funcionario de las Fuerzas Armadas en desempeño de funciones de resguardo de la seguridad pública,908,Otros actos contra la seguridad pública y la seguridad del Estado,alta
23787,Delitos contra la administración ambiental,1001,Actos que causan contaminación o degradación del medio ambiente,alta
23788,Elaboración de alcoholes no etílicos destinados a bebida,6021,"Producción, manipulación, posesión o uso ilícitos de productos alcohólicos",alta
23789,Contravención a medidas de la Ley de Elaboración de Alcoholes,6021,"Producción, manipulación, posesión o uso ilícitos de productos alcohólicos",alta
23790,Otorgamiento de certificados respecto de alcoholes tóxicos,6021,"Producción, manipulación, posesión o uso ilícitos de productos alcohólicos",alta
23800,Obtención fraudulenta beneficios Covid-19,701,Fraude,alta
23801,Obtención simulada o engañosa de beneficios de protección de la clase media,701,Fraude,alta
23802,Obtención fraudulenta de beneficios tributarios Covid-19,701,Fraude,alta
23803,Obtención fraudulenta de beneficios tributarios o bonos Covid-19 para PYMES,701,Fraude,alta
23804,Percepción indebida subsidio Covid-19 agua o electricidad,7032,Malversación o peculado,alta
23900,Infracciones a la Ley Orgánica Constitucional sobre Sistemas de Inscripciones Electorales y Servicio Electoral,807,Actos relacionados con las elecciones democráticas,alta
24000,Entrega de información falsa o incompleta sobre el cumplimiento de planes de pago,701,Fraude,alta
24001,Administración maliciosa Institución de Salud Previsional,804,Actos contrarios a las disposiciones relativas a los ingresos públicos u otras disposiciones regulatorias,alta
24050,Infracciones al programa de garantías de apoyo al endeudamiento,8042,Actos contrarios a disposiciones comerciales o financieras,alta
30000,Delitos del art. undécimo Ley 20.416 que fija normas especiales para las empresas de menor tamaño,701,Fraude,alta
30100,Delitos de la Ley 20.345,8042,Actos contrarios a disposiciones comerciales o financieras,alta
99997,Faltas al régimen penitenciario,806,Actos contra el sistema de justicia,alta
